{
    "A_V0": 5.985968056114618,
    "A_phi": 95.41873839827912,
    "A_theta": 0.00039084045578199444,
    "A_a": -0.006044626650933807,
    "A_b": -0.14417649847771563,
    "B_V0": 2.110778676464473,
    "B_phi": 128.99349641495118,
    "B_theta": 0.008570750725023295,
    "B_a": -0.1304418931515131,
    "B_b": 0.035565863953657434
}